clientid,clientname,clientemail,agentemail,agent/bank employee name,fromaddress,toaddress,emailcontent
1,Sarah Chen,sarah.chen@email.com,david.miller@apexwealth.com,David Miller,"Sarah Chen <sarah.chen@email.com>","David Miller <david.miller@apexwealth.com>","Subject: Urgent: Investment Portfolio Review Request - Sarah Chen

Dear David,

I hope this email finds you well.

I'd like to **urgently** schedule some time to review my investment portfolio. It's been a while since our last in-depth discussion, and with the current market fluctuations, I'm feeling **quite anxious** and would really appreciate your insights and recommendations soon.

Please let me know your earliest availability in the coming weeks.

Best regards,

Sarah Chen"
1,Sarah Chen,sarah.chen@email.com,david.miller@apexwealth.com,David Miller,"David Miller <david.miller@apexwealth.com>","Sarah Chen <sarah.chen@email.com>","Subject: [RE:] Urgent: Investment Portfolio Review Request - Sarah Chen

Dear Sarah,

Thanks for reaching out! I understand your concerns and I'd be happy to review your portfolio with you. It's always a good idea to stay on top of things, especially with market shifts.

How about next week? I have openings on **Tuesday, August 5th, at 11:00 AM EST** or **Thursday, August 7th, at 2:00 PM EST**. Please let me know if either of those times works for you. If not, we can certainly find another time that suits your schedule.

Before our meeting, could you please confirm if there are any specific areas of your portfolio you're particularly interested in discussing, or any new financial goals you've been considering? This will help me prepare more effectively to address your anxieties.

Looking forward to catching up.

Best,

David Miller
Senior Wealth Advisor
Apex Wealth Management"
1,Sarah Chen,sarah.chen@email.com,david.miller@apexwealth.com,David Miller,"Sarah Chen <sarah.chen@email.com>","David Miller <david.miller@apexwealth.com>","Subject: [RE:] Urgent: Investment Portfolio Review Request - Sarah Chen

Dear David,

Thanks for the **extremely quick** response! That's a huge relief.

**Thursday, August 7th, at 2:00 PM EST** works **absolutely perfectly** for me. Please send a calendar invite.

Regarding specific areas, I'm particularly interested in discussing my **growth stock exposure** and whether we should consider **diversifying into more conservative assets** given the current economic outlook, as I'm feeling quite **vulnerable**. I'm also starting to think more seriously about **retirement planning** and would appreciate some preliminary thoughts on optimizing my portfolio for that long-term goal.

See you then!

Best,

Sarah Chen"
1,Sarah Chen,sarah.chen@email.com,david.miller@apexwealth.com,David Miller,"David Miller <david.miller@apexwealth.com>","Sarah Chen <sarah.chen@email.com>","Subject: [RE:] Urgent: Investment Portfolio Review Request - Sarah Chen

Dear Sarah,

Great, Thursday, August 7th, at 2:00 PM EST is booked! I've just sent over a calendar invite.

Thanks for the heads-up on your areas of focus. We can certainly delve into your growth stock allocation and explore options for increasing your exposure to more conservative assets to alleviate your concerns. Retirement planning is a key discussion, and I'll come prepared with some robust strategies tailored to your long-term objectives.

I'll gather all the relevant data and prepare some comprehensive projections for our meeting.

Looking forward to our discussion next week.

Best,

David Miller
Senior Wealth Advisor
Apex Wealth Management"
1,Sarah Chen,sarah.chen@email.com,david.miller@apexwealth.com,David Miller,"Sarah Chen <sarah.chen@email.com>","David Miller <david.miller@apexwealth.com>","Subject: [RE:] Urgent: Investment Portfolio Review Request - Sarah Chen

Dear David,

Thanks so much for confirming and for sending the invite! I've accepted it. I truly **appreciate your understanding** and prompt action.

I appreciate you taking the time to prepare for our meeting, especially with my specific questions in mind. That's very helpful.

See you next Thursday! I'm already feeling much better.

Best,

Sarah Chen"
2,"John & Mary Smith",smith.jm@email.com,linda.green@capitaladvisors.com,Linda Green,"John & Mary Smith <smith.jm@email.com>","Linda Green <linda.green@capitaladvisors.com>","Subject: Important Follow-up on Retirement Projections

Dear Linda,

Hope you're having a good week.

Mary and I were reviewing the retirement projections you sent over last month. We have a few **pressing questions** about the withdrawal rates in the later years and the significant impact of inflation on our projected spending. We're feeling a bit **uncertain** about these details.

Would you be available for a call next week to clarify these points and help ease our minds?

Thanks,

John and Mary Smith"
2,"John & Mary Smith",smith.jm@email.com,linda.green@capitaladvisors.com,Linda Green,"Linda Green <linda.green@capitaladvisors.com>","John & Mary Smith <smith.jm@email.com>","Subject: [RE:] Important Follow-up on Retirement Projections

Dear John and Mary,

Thanks for reaching out. I'd be happy to go over those projections with you and address any uncertainties you have. It's smart to dig into the details, especially concerning long-term planning like retirement.

I'm available on **Wednesday, August 6th, at 10:00 AM EST** or **Friday, August 8th, at 1:00 PM EST**. Please let me know which time works best, or if another time would be more convenient.

We can definitely discuss withdrawal strategies and how inflation modeling affects your future spending power to provide you with more clarity.

Best regards,

Linda Green
Senior Financial Advisor
Capital Advisors Group"
2,"John & Mary Smith",smith.jm@email.com,linda.green@capitaladvisors.com,Linda Green,"John & Mary Smith <smith.jm@email.com>","Linda Green <linda.green@capitaladvisors.com>","Subject: [RE:] Important Follow-up on Retirement Projections

Hi Linda,

Wednesday, August 6th, at 10:00 AM EST works perfectly for us. **That's wonderful!**

We also wanted to ask about the possibility of increasing our contributions to our Roth IRAs this year â€“ we've had a **really good bonus** come in and want to maximize our tax-advantaged savings while we have this opportunity.

Looking forward to speaking with you and getting some solid answers.

John and Mary"
2,"John & Mary Smith",smith.jm@capitaladvisors.com,linda.green@capitaladvisors.com,Linda Green,"Linda Green <linda.green@capitaladvisors.com>","John & Mary Smith <smith.jm@email.com>","Subject: [RE:] Important Follow-up on Retirement Projections

Excellent, John and Mary. I've scheduled our call for Wednesday, August 6th, at 10:00 AM EST and will send a calendar invite shortly.

That's **fantastic news** about the bonus! We can absolutely discuss optimizing your Roth IRA contributions during our call. I'll have the current limits and strategies ready for you to make the most of it.

See you on Wednesday!

Best,

Linda Green
Senior Financial Advisor
Capital Advisors Group"
2,"John & Mary Smith",smith.jm@email.com,linda.green@capitaladvisors.com,Linda Green,"John & Mary Smith <smith.jm@email.com>","Linda Green <linda.green@capitaladvisors.com>","Subject: [RE:] Important Follow-up on Retirement Projections

Thanks, Linda! We've received and accepted the calendar invite.

Perfect, we're **eagerly looking forward** to discussing the Roth IRA strategy.

See you then!

John and Mary"
3,Michael Davis,michael.davis@email.com,sophia.chan@evergreenwealth.com,Sophia Chan,"Michael Davis <michael.davis@email.com>","Sophia Chan <sophia.chan@evergreenwealth.com>","Subject: Estate Plan Review & Charitable Giving - A New Focus

Dear Sophia,

I hope you're well.

I'm looking to review my current estate plan documents with a fresh perspective and also explore **significant** options for charitable giving this year. I'm particularly interested in donor-advised funds as I feel it's time to **make a substantial impact**.

Could we schedule a meeting to discuss these important matters and my philanthropic goals?

Best regards,

Michael Davis"
3,Michael Davis,michael.davis@email.com,sophia.chan@evergreenwealth.com,Sophia Chan,"Sophia Chan <sophia.chan@evergreenwealth.com>","Michael Davis <michael.davis@email.com>","Subject: [RE:] Estate Plan Review & Charitable Giving - A New Focus

Dear Michael,

Thank you for reaching out. I'd be absolutely pleased to assist you with both your estate plan review and your ambitious charitable giving strategies. Donor-advised funds are an excellent and flexible option for making a significant impact, and I can walk you through all the benefits.

I have availability on **Monday, August 4th, at 3:00 PM EST** or **Wednesday, August 6th, at 11:00 AM EST**. Please let me know which time is suitable for you.

To prepare, could you briefly mention if there have been any significant life changes since our last estate planning discussion, or if your primary motivation for giving has evolved?

Looking forward to our meeting and helping you achieve your philanthropic vision.

Sincerely,

Sophia Chan
Wealth Management Partner
Evergreen Wealth Solutions"
3,Michael Davis,michael.davis@email.com,sophia.chan@evergreenwealth.com,Sophia Chan,"Michael Davis <michael.davis@email.com>","Sophia Chan <sophia.chan@evergreenwealth.com>","Subject: [RE:] Estate Plan Review & Charitable Giving - A New Focus

Hi Sophia,

Wednesday, August 6th, at 11:00 AM EST works well for me. **Perfect!**

No major life changes, but I've been thinking **much more deeply** about setting up a lasting legacy for a specific cause, which is why I'm **very keen** to understand the best charitable vehicles to achieve this.

Thanks,

Michael"
3,Michael Davis,michael.davis@email.com,sophia.chan@evergreenwealth.com,Sophia Chan,"Sophia Chan <sophia.chan@evergreenwealth.com>","Michael Davis <michael.davis@email.com>","Subject: [RE:] Estate Plan Review & Charitable Giving - A New Focus

Excellent, Michael. Wednesday, August 6th, at 11:00 AM EST is confirmed. I've sent a calendar invite.

That's a **truly commendable goal**. We can certainly discuss various charitable vehicles, including donor-advised funds, and how they align precisely with your specific legacy objectives. I'll also have a comprehensive checklist for reviewing your estate documents.

See you next week.

Best,

Sophia Chan
Wealth Management Partner
Evergreen Wealth Solutions"
3,Michael Davis,michael.davis@email.com,sophia.chan@evergreenwealth.com,Sophia Chan,"Michael Davis <michael.davis@email.com>","Sophia Chan <sophia.chan@evergreenwealth.com>","Subject: [RE:] Estate Plan Review & Charitable Giving - A New Focus

Perfect, Sophia. I've accepted the invite.

I'm **really looking forward** to learning more about the charitable giving options and how I can make a difference.

See you then!

Michael"
4,Emily White,emily.white@email.com,robert.jones@horizonfinancial.com,Robert Jones,"Emily White <emily.white@email.com>","Robert Jones <robert.jones@horizonfinancial.com>","Subject: Urgent: Portfolio Rebalancing & Market Concerns

Dear Robert,

I hope this email finds you well.

I'm **quite concerned** about the recent volatility in the tech sector, which makes up a significant portion of my growth portfolio. I'd like to discuss rebalancing **immediately** and also get your updated, **frank** outlook on the market.

Are you free for a call sometime in the next few days, as this is causing me some worry?

Thanks,

Emily White"
4,Emily White,emily.white@email.com,robert.jones@horizonfinancial.com,Robert Jones,"Robert Jones <robert.jones@horizonfinancial.com>","Emily White <emily.white@email.com>","Subject: [RE:] Urgent: Portfolio Rebalancing & Market Concerns

Dear Emily,

Thanks for reaching out. Your concerns about market volatility are **completely understandable**, and it's certainly a good time to review your allocation given the current climate.

I'm available on **Tuesday, August 5th, at 9:30 AM EST** or **Thursday, August 7th, at 3:30 PM EST**. Please let me know which slot works best to alleviate your worries.

I'll come prepared to discuss our current, honest market outlook, the implications for your portfolio, and potential rebalancing strategies to align with your risk tolerance and bring you peace of mind.

Looking forward to our conversation.

Best regards,

Robert Jones
Senior Investment Advisor
Horizon Financial Group"
4,Emily White,emily.white@email.com,robert.jones@horizonfinancial.com,Robert Jones,"Emily White <emily.white@email.com>","Robert Jones <robert.jones@horizonfinancial.com>","Subject: [RE:] Urgent: Portfolio Rebalancing & Market Concerns

Hi Robert,

Thursday, August 7th, at 3:30 PM EST is **absolutely perfect** for me.

I'm **very keen** to hear your thoughts on diversification beyond just the tech sector, and if there are any specific industries you see performing **exceptionally well** or offering more stability in the current environment.

Thanks,

Emily"
4,Emily White,emily.white@email.com,robert.jones@horizonfinancial.com,Robert Jones,"Robert Jones <robert.jones@horizonfinancial.com>","Emily White <emily.white@email.com>","Subject: [RE:] Urgent: Portfolio Rebalancing & Market Concerns

Great, Emily. Thursday, August 7th, at 3:30 PM EST is confirmed. I've sent a calendar invite.

We can definitely explore broader diversification strategies and discuss specific sectors that may offer better opportunities or stability in the current climate. I'll have some relevant, in-depth research prepared for you.

See you then.

Best,

Robert Jones
Senior Investment Advisor
Horizon Financial Group"
4,Emily White,emily.white@email.com,robert.jones@horizonfinancial.com,Robert Jones,"Emily White <emily.white@email.com>","Robert Jones <robert.jones@horizonfinancial.com>","Subject: [RE:] Urgent: Portfolio Rebalancing & Market Concerns

Got it, Robert! Accepted the invite.

Thanks for taking the time to prepare. I **really appreciate** your quick response and insights. Feeling much more optimistic now!

See you Thursday!

Emily"
5,"David & Lisa Chen",chen.dl@email.com,mark.thomas@providentadvisors.com,Mark Thomas,"David & Lisa Chen <chen.dl@email.com>","Mark Thomas <mark.thomas@providentadvisors.com>","Subject: Crucial: Education Savings Review & Mortgage Question

Dear Mark,

Hope you're doing well.

Lisa and I would like to **urgently** review our 529 plans for our children. With college costs continuing to rise dramatically, we want to ensure we're **absolutely on track** and avoid any future financial stress. Also, we're considering refinancing our mortgage and wanted to get your **expert** thoughts on the current rates and if it's a **truly good time** to pursue it.

When would you be available for a chat very soon? This is quite important to us.

Best,

David and Lisa Chen"
5,"David & Lisa Chen",chen.dl@email.com,mark.thomas@providentadvisors.com,Mark Thomas,"Mark Thomas <mark.thomas@providentadvisors.com>","David & Lisa Chen <chen.dl@email.com>","Subject: [RE:] Crucial: Education Savings Review & Mortgage Question

Dear David and Lisa,

Thanks for reaching out! Happy to discuss both your 529 plans and your mortgage refinancing considerations. Both are indeed crucial financial areas, and I understand your desire for certainty.

I have openings on **Monday, August 4th, at 10:30 AM EST** or **Wednesday, August 6th, at 2:00 PM EST**. Please let me know which works for your schedule, and I'll make sure we cover everything thoroughly.

For the 529s, I'll review your current contributions and projections to give you peace of mind. For the mortgage, if you could send over any current loan details you have, that would be incredibly helpful in assessing potential refinancing benefits and providing the best advice.

Looking forward to connecting and helping you solidify these plans.

Sincerely,

Mark Thomas
Wealth Advisor
Provident Advisors"
5,"David & Lisa Chen",chen.dl@email.com,mark.thomas@providentadvisors.com,Mark Thomas,"David & Lisa Chen <chen.dl@email.com>","Mark Thomas <mark.thomas@providentadvisors.com>","Subject: [RE:] Crucial: Education Savings Review & Mortgage Question

Hi Mark,

Wednesday, August 6th, at 2:00 PM EST is **absolutely perfect**. **We're so relieved** you could fit us in.

We'll gather the mortgage details and send them over before our meeting. For the 529s, we're **eagerly curious** about any new strategies or investment options that might be beneficial to maximize our children's future.

Thanks so much,

David and Lisa"
5,"David & Lisa Chen",chen.dl@email.com,mark.thomas@providentadvisors.com,Mark Thomas,"Mark Thomas <mark.thomas@providentadvisors.com>","David & Lisa Chen <chen.dl@email.com>","Subject: [RE:] Crucial: Education Savings Review & Mortgage Question

Excellent, David and Lisa. Wednesday, August 6th, at 2:00 PM EST is confirmed. I've sent a calendar invite.

Please do send those mortgage details when you have them. I'll certainly share comprehensive insights on current rates and potential savings to ensure you make an informed decision. Regarding the 529s, I'll have updated information on all viable investment options and strategies to ensure you're truly maximizing your college savings potential.

See you next week. I'm confident we can set you both at ease.

Best,

Mark Thomas
Wealth Advisor
Provident Advisors"
5,"David & Lisa Chen",chen.dl@email.com,mark.thomas@providentadvisors.com,Mark Thomas,"David & Lisa Chen <chen.dl@email.com>","Mark Thomas <mark.thomas@providentadvisors.com>","Subject: [RE:] Crucial: Education Savings Review & Mortgage Question

Thanks, Mark! We've accepted the invite and will send the mortgage info shortly.

Great, we're **very much looking forward** to the insights on the 529s. Your help means a lot.

See you Wednesday!

David and Lisa"